{"latent_dim": 80, "means": [0.026332788169384003, -0.0024918217677623034, -0.004051426891237497, -0.0005594354006461799, -0.01986951008439064, 0.0038283548783510923, 0.012420703656971455, -0.006783992983400822, 0.023397047072649002, 0.004089057445526123, -0.01378256268799305, 0.007718084380030632, 0.016871808096766472, 0.011110187508165836, 0.011866222135722637, -0.006332433316856623, 0.010191787034273148, -0.012632954865694046, 0.004395335912704468, -0.008771805092692375, -0.0016993461176753044, 0.007761689368635416, -0.01794811524450779, 0.012248442508280277, 0.03369370847940445, 0.02687910757958889, -0.009487214498221874, 0.0051171802915632725, -0.015896260738372803, 0.0026855007745325565, -0.013432917185127735, -0.024890583008527756, -0.00871201604604721, 0.01486244797706604, 0.01571786403656006, 0.010550202801823616, 0.008070211857557297, -0.02347240224480629, -0.020696865394711494, -0.005165171809494495, 0.009181675501167774, -0.012886696495115757, 0.008167278952896595, -0.01693715713918209, 0.004909695591777563, -0.0007478375337086618, -0.0007172722835093737, 0.017849311232566833, -0.018451444804668427, -0.008987465873360634, 0.010195371694862843, 0.01282082125544548, 0.003974289633333683, 0.005320527590811253, -0.011678719893097878, -0.002948333043605089, 0.01607540249824524, 0.022125812247395515, -0.014622000977396965, 0.018025612458586693, 0.008022338151931763, 0.0009130947291851044, 0.016574358567595482, -0.00599995581433177, 0.006252605002373457, -0.012635721825063229, 0.004942505154758692, 0.001950540579855442, -0.01601426675915718, -0.012324626557528973, 0.008598418906331062, -0.02439090423285961, -0.0025893542915582657, -0.008060651831328869, -0.008394944481551647, 0.002546555595472455, -0.012569653801620007, -0.017576832324266434, -0.011228194460272789, 0.014309641905128956], "stds": [1.1753607988357544, 1.1700634956359863, 1.1610404253005981, 1.165597677230835, 1.1640515327453613, 1.169381022453308, 1.1657342910766602, 1.1673946380615234, 1.1670128107070923, 1.1656901836395264, 1.171270489692688, 1.1637226343154907, 1.162947177886963, 1.1646544933319092, 1.1624374389648438, 1.1648504734039307, 1.1646016836166382, 1.1660417318344116, 1.1650012731552124, 1.1710362434387207, 1.1675584316253662, 1.1646870374679565, 1.162071704864502, 1.1581671237945557, 1.1610257625579834, 1.1655346155166626, 1.180152177810669, 1.1725001335144043, 1.1626381874084473, 1.16492760181427, 1.1636587381362915, 1.1672191619873047, 1.162158489227295, 1.1626754999160767, 1.1702393293380737, 1.166369915008545, 1.162134051322937, 1.165764331817627, 1.1650558710098267, 1.1638785600662231, 1.164244294166565, 1.1648963689804077, 1.1665371656417847, 1.1648930311203003, 1.168347716331482, 1.1660640239715576, 1.1706058979034424, 1.1639924049377441, 1.1620607376098633, 1.171278476715088, 1.1649260520935059, 1.1733688116073608, 1.1672919988632202, 1.1648273468017578, 1.1640907526016235, 1.1733661890029907, 1.1649086475372314, 1.1643168926239014, 1.1629445552825928, 1.1653920412063599, 1.1674407720565796, 1.1669166088104248, 1.1732726097106934, 1.1683634519577026, 1.1755322217941284, 1.167866587638855, 1.1675459146499634, 1.168398380279541, 1.1772485971450806, 1.1677019596099854, 1.1699014902114868, 1.160332202911377, 1.1757034063339233, 1.1634852886199951, 1.1690373420715332, 1.17262864112854, 1.165819764137268, 1.1621097326278687, 1.1629796028137207, 1.1685253381729126]}