{"latent_dim": 80, "means": [0.0009692648309282959, 0.0009120976901613176, 0.0064905076287686825, -0.004360993392765522, 0.0008400262449868023, -0.0020480146631598473, -0.001854596775956452, 0.003894742811098695, -0.002441625576466322, -0.0016843981575220823, 0.0014574476517736912, -0.0026917883660644293, -0.0015910324873402715, -0.006073837634176016, 0.0025679448153823614, 0.0017616439145058393, 0.00021691965230274945, 0.0009679021313786507, 0.0058370656333863735, -0.004655775148421526, -0.006567100062966347, -0.0019369340734556317, 0.00024356214271392673, -0.0007688290206715465, 0.002539225621148944, 0.0017137440154328942, 0.0012504586484283209, -0.0011349612614139915, -0.0007428184617310762, -0.008346914313733578, 0.003160474356263876, -0.00013454165309667587, 0.001916941604577005, 0.003338512731716037, -0.00029130885377526283, -0.002898989012464881, 0.00012105314090149477, -0.001834311056882143, 0.001835622126236558, 0.0077032228000462055, -0.003084859810769558, -0.0058168633840978146, -0.00267368764616549, -0.00011198002903256565, -0.002544998424127698, 0.0034792758524417877, -0.0009076166898012161, -0.0019745323807001114, -0.0005234013078734279, -0.0020986776798963547, -0.0033218604512512684, 0.0020184090826660395, -0.002019217936322093, 0.0047670044004917145, -0.002855924656614661, -0.003765334375202656, 0.002609704388305545, 0.0020993887446820736, -0.0013878068421036005, -0.0011385517427697778, -0.00266938004642725, 0.0005244072526693344, -0.00043990492122247815, -0.0035528652369976044, 0.004543057642877102, -0.0029612313956022263, -0.004394859541207552, 0.0008111150818876922, 0.0016480936901643872, 0.0026126534212380648, 0.00021903753804508597, -0.0025827090721577406, 0.0011534274090081453, 0.00544458394870162, 0.0042243595235049725, -0.00014253512199502438, -0.0005639733280986547, -0.005841209553182125, 0.0005150712677277625, -0.00018368556629866362], "stds": [1.0187236070632935, 1.014669418334961, 1.0119168758392334, 1.016377568244934, 1.0128434896469116, 1.0161001682281494, 1.0146020650863647, 1.0149128437042236, 1.015288233757019, 1.014624834060669, 1.0179153680801392, 1.0148935317993164, 1.015720248222351, 1.011922836303711, 1.0116552114486694, 1.0120134353637695, 1.0160549879074097, 1.013670563697815, 1.0131314992904663, 1.0145827531814575, 1.0145224332809448, 1.0124691724777222, 1.0144965648651123, 1.0109692811965942, 1.009975790977478, 1.0151646137237549, 1.0152654647827148, 1.0145822763442993, 1.0104577541351318, 1.0152783393859863, 1.0135271549224854, 1.0157945156097412, 1.0101326704025269, 1.0118293762207031, 1.0152757167816162, 1.012739658355713, 1.0125478506088257, 1.014952540397644, 1.0140334367752075, 1.0136187076568604, 1.0154659748077393, 1.0143818855285645, 1.0151218175888062, 1.013157844543457, 1.0135352611541748, 1.014755368232727, 1.0170488357543945, 1.014981746673584, 1.0139216184616089, 1.0184495449066162, 1.0141841173171997, 1.015703558921814, 1.0154794454574585, 1.0129033327102661, 1.0136927366256714, 1.0167713165283203, 1.014658808708191, 1.0121556520462036, 1.0122183561325073, 1.0152039527893066, 1.0153366327285767, 1.0133512020111084, 1.017690658569336, 1.0151206254959106, 1.0167484283447266, 1.0150443315505981, 1.0144164562225342, 1.017156720161438, 1.0154699087142944, 1.015160083770752, 1.0138788223266602, 1.013249397277832, 1.0164663791656494, 1.013465404510498, 1.0162721872329712, 1.0160083770751953, 1.0140784978866577, 1.014646053314209, 1.0133248567581177, 1.0165945291519165]}