{"latent_dim": 80, "means": [-4.955741772505462e-08, 2.0165650482795172e-08, -7.749936514755973e-08, 7.282040570544268e-08, -1.49312437969229e-08, 4.128215636001187e-08, -8.661250916475183e-08, 9.312727655697017e-08, 1.3772330476058414e-07, 1.2766871293479198e-07, -1.9041571874822694e-07, -8.280908758706573e-08, -6.966658361307054e-08, -1.196382299895049e-07, -3.199014031451952e-08, -5.4415250083650335e-09, 3.869319531446536e-09, 3.089618871854327e-07, -2.6258652496835566e-07, -4.524562058350057e-08, 2.650154407035643e-08, 1.310484947225632e-07, -5.534492331094043e-08, 2.001502075188455e-08, 3.257383474064568e-09, 1.4954778748688113e-08, -1.8369853194144525e-07, -1.9647858451321554e-08, -4.355102944941791e-08, -1.0259816463076277e-07, 8.497205072899305e-08, -3.163239270520535e-08, 6.239866223722856e-08, -1.7313087141701544e-07, 6.2417493396083046e-09, -5.976262684725953e-08, 1.1454503834329444e-07, 5.125200885913728e-08, 4.822998533882128e-08, -1.1434733693249655e-07, 1.4472762188688648e-07, 1.0815266193731077e-07, -9.07642601077896e-08, -9.898302977262574e-08, 3.502157852608434e-08, -7.329583695536712e-08, 1.7111618433318654e-07, 1.697981701909157e-07, 5.727722651727163e-08, -1.1035562863526138e-07, 1.340987552111983e-07, 9.742965545456173e-08, 7.286748093804363e-09, 5.488597132341511e-09, 3.916391477787329e-08, 9.45206046765179e-09, 2.498935636197075e-08, -2.5494204081155658e-08, 2.834205936608214e-08, 1.8877760510349617e-07, 3.2875096422912975e-08, -1.0301239683485619e-07, -1.6983112516300025e-07, 7.710396232596395e-08, -9.68553806046657e-08, 2.2204811500614596e-07, 1.34814257535254e-07, 1.3933316722614109e-07, -9.491601105082736e-08, -3.268680615065023e-08, 9.489718344468656e-09, 2.1389523041648317e-08, 4.1461031941025794e-08, -1.0779491077528291e-07, -1.824511386416816e-08, 1.559025086805832e-08, -1.0717356246914278e-07, 1.2460904486033542e-07, 7.531522627779452e-11, -6.044047040631995e-08], "stds": [2.008981227874756, 1.2624003887176514, 1.2515944242477417, 1.2456163167953491, 1.2330572605133057, 1.224123239517212, 1.2155705690383911, 1.2123206853866577, 1.2101991176605225, 1.2043514251708984, 1.2010220289230347, 1.1982276439666748, 1.1958237886428833, 1.1945942640304565, 1.1921082735061646, 1.1878798007965088, 1.1871520280838013, 1.1821235418319702, 1.1790318489074707, 1.1765892505645752, 1.1742736101150513, 1.1709433794021606, 1.1705114841461182, 1.1687880754470825, 1.167568564414978, 1.1661218404769897, 1.1645632982254028, 1.163008689880371, 1.1620100736618042, 1.1601232290267944, 1.1590040922164917, 1.1572613716125488, 1.1558587551116943, 1.1538257598876953, 1.151466965675354, 1.1508634090423584, 1.149648904800415, 1.148712396621704, 1.1476629972457886, 1.1470304727554321, 1.1459029912948608, 1.1439471244812012, 1.142106533050537, 1.1408019065856934, 1.1406114101409912, 1.1386449337005615, 1.137736201286316, 1.1357008218765259, 1.1342390775680542, 1.133060097694397, 1.1314548254013062, 1.1304863691329956, 1.129196286201477, 1.1279362440109253, 1.1259520053863525, 1.125733733177185, 1.1245540380477905, 1.1230164766311646, 1.1215602159500122, 1.1212131977081299, 1.1195626258850098, 1.119160771369934, 1.1175813674926758, 1.1169993877410889, 1.1157402992248535, 1.11492121219635, 1.1124804019927979, 1.1119898557662964, 1.1109005212783813, 1.108743667602539, 1.1078004837036133, 1.1065043210983276, 1.1048734188079834, 1.1037391424179077, 1.1031557321548462, 1.1012147665023804, 1.0990757942199707, 1.0987358093261719, 1.0967329740524292, 1.0962815284729004]}