{"latent_dim": 80, "means": [0.004618121776729822, -0.0002178145805373788, 0.004358315374702215, -0.003215337637811899, -0.002267646137624979, -0.0012018807465210557, 0.0010243946453556418, 0.0015780181856825948, 0.001653457642532885, -0.0006829662597738206, -0.0008608762291260064, -0.0006851645302958786, 0.001683631562627852, -0.003345959819853306, 0.00484612537547946, -0.0002242942719021812, 0.001960651483386755, -0.0017457413487136364, 0.00525434548035264, -0.0044470676220953465, -0.005014974623918533, -2.5477369490545243e-05, -0.0025963461957871914, 0.0016163268592208624, 0.007162546273320913, 0.005740273743867874, -0.000680961471516639, -0.00020461215171962976, -0.003562700701877475, -0.006422630976885557, 9.22900071600452e-05, -0.004407190717756748, -0.0006603741785511374, 0.0058631799183785915, 0.002285514958202839, 1.4021999959368259e-05, 0.0018021137220785022, -0.005411805585026741, -0.00207112287171185, 0.004937163088470697, -0.0013750188518315554, -0.006035499274730682, -0.00018345934222452343, -0.0026028871070593596, -0.0011069767642766237, 0.0024607451632618904, -0.0013050303095951676, 0.001639117137528956, -0.0032967536244541407, -0.003062911331653595, -0.0006097556906752288, 0.0037442792672663927, -0.0009401420829817653, 0.0037026910576969385, -0.004407270345836878, -0.003510576905682683, 0.005676717031747103, 0.005602260120213032, -0.003993408288806677, 0.001726123271510005, -0.00024759973166510463, 9.940494783222675e-05, 0.002773108659312129, -0.0036818250082433224, 0.004856778308749199, -0.003925034310668707, -0.0025449604727327824, 0.00046182217192836106, -0.0012878547422587872, -0.00024052459048107266, 0.002202874980866909, -0.006371681112796068, 0.00027718383353203535, 0.0027265099342912436, 0.001828835578635335, 0.0005090298363938928, -0.002897002501413226, -0.007195074111223221, -0.001958200242370367, 0.0024592066183686256], "stds": [1.033370018005371, 1.0286189317703247, 1.0250896215438843, 1.0299509763717651, 1.025744915008545, 1.0303404331207275, 1.0280425548553467, 1.0284894704818726, 1.028997778892517, 1.0286142826080322, 1.0321110486984253, 1.0282702445983887, 1.0284322500228882, 1.0256500244140625, 1.025023102760315, 1.026047945022583, 1.0295718908309937, 1.027729868888855, 1.0272018909454346, 1.028804898262024, 1.0284016132354736, 1.0267595052719116, 1.0278146266937256, 1.023715615272522, 1.0235377550125122, 1.028827428817749, 1.031076431274414, 1.0289334058761597, 1.0240553617477417, 1.028436303138733, 1.0272663831710815, 1.0297484397888184, 1.0236907005310059, 1.0256612300872803, 1.02983558177948, 1.0264397859573364, 1.026484489440918, 1.0280537605285645, 1.0276062488555908, 1.0271023511886597, 1.0288190841674805, 1.0277438163757324, 1.028938889503479, 1.0271209478378296, 1.0281227827072144, 1.028760552406311, 1.0316001176834106, 1.0281833410263062, 1.0274251699447632, 1.0327837467193604, 1.0277061462402344, 1.0305918455123901, 1.029128909111023, 1.0264501571655273, 1.0275976657867432, 1.031288504600525, 1.0281968116760254, 1.0257481336593628, 1.0252519845962524, 1.029013991355896, 1.0293231010437012, 1.0272265672683716, 1.0321494340896606, 1.0294382572174072, 1.0317574739456177, 1.0289686918258667, 1.0286513566970825, 1.0308808088302612, 1.030648112297058, 1.0292483568191528, 1.0281484127044678, 1.0263820886611938, 1.0316956043243408, 1.0268166065216064, 1.0301995277404785, 1.030692219734192, 1.0277520418167114, 1.0283012390136719, 1.026872158050537, 1.0305019617080688]}